insert into user(id, username, password, role) values(1,'admin','admin','ROLE_ADMIN');
insert into user(id, username, password, role) values(2,'user','user','ROLE_USER');

insert into address (id,street, number,apartment, postalCode, city, state, country) values (1,'Kapetana Miloša Žunjića','35A','1','11160','Beograd','','Srbija');
insert into building (name, address_id) values ('Test building 1',1);
insert into address (id,street, number,apartment, postalCode, city, state, country) values (2,'Kapetana Miloša Žunjića','35A','2','11160','Beograd','','Srbija');
insert into building (name, address_id) values ('Test building 2',2);
insert into address (id,street, number,apartment, postalCode, city, state, country) values (3,'Kapetana Miloša Žunjića','35A','3','11160','Beograd','','Srbija');
insert into building (name, address_id) values ('Test building 3',3);
insert into address (id,street, number,apartment, postalCode, city, state, country) values (4,'Kapetana Miloša Žunjića','35A','4','11160','Beograd','','Srbija');
insert into building (name, address_id) values ('Test building 4',4);
insert into address (id,street, number,apartment, postalCode, city, state, country) values (5,'Kapetana Miloša Žunjića','35A','5','11160','Beograd','','Srbija');
insert into building (name, address_id) values ('Test building 5',5);
insert into address (id,street, number,apartment, postalCode, city, state, country) values (6,'Kapetana Miloša Žunjića','35A','6','11160','Beograd','','Srbija');
insert into building (name, address_id) values ('Test building 6',6);
insert into address (id,street, number,apartment, postalCode, city, state, country) values (7,'Kapetana Miloša Žunjića','35A','7','11160','Beograd','','Srbija');
insert into building (name, address_id) values ('Test building 7',7);
insert into address (id,street, number,apartment, postalCode, city, state, country) values (8,'Kapetana Miloša Žunjića','35A','8','11160','Beograd','','Srbija');
insert into building (name, address_id) values ('Test building 8',8);
insert into address (id,street, number,apartment, postalCode, city, state, country) values (9,'Kapetana Miloša Žunjića','35A','9','11160','Beograd','','Srbija');
insert into building (name, address_id) values ('Test building 9',9);
insert into address (id,street, number,apartment, postalCode, city, state, country) values (10,'Kapetana Miloša Žunjića','35A','10','11160','Beograd','','Srbija');
insert into building (name, address_id) values ('Test building 10',10);
insert into address (id,street, number,apartment, postalCode, city, state, country) values (11,'Kapetana Miloša Žunjića','35A','11','11160','Beograd','','Srbija');
insert into building (name, address_id) values ('Test building 11',11);
insert into address (id,street, number,apartment, postalCode, city, state, country) values (12,'Kapetana Miloša Žunjića','35A','12','11160','Beograd','','Srbija');
insert into building (name, address_id) values ('Test building 12',12);
insert into address (id,street, number,apartment, postalCode, city, state, country) values (13,'Kapetana Miloša Žunjića','35A','13','11160','Beograd','','Srbija');
insert into building (name, address_id) values ('Test building 13',13);
insert into address (id,street, number,apartment, postalCode, city, state, country) values (14,'Kapetana Miloša Žunjića','35A','14','11160','Beograd','','Srbija');
insert into building (name, address_id) values ('Test building 14',14);
insert into address (id,street, number,apartment, postalCode, city, state, country) values (15,'Kapetana Miloša Žunjića','35A','15','11160','Beograd','','Srbija');
insert into building (name, address_id) values ('Test building 15',15);
insert into address (id,street, number,apartment, postalCode, city, state, country) values (16,'Kapetana Miloša Žunjića','35A','16','11160','Beograd','','Srbija');
insert into building (name, address_id) values ('Test building 16',16);
insert into address (id,street, number,apartment, postalCode, city, state, country) values (17,'Kapetana Miloša Žunjića','35A','17','11160','Beograd','','Srbija');
insert into building (name, address_id) values ('Test building 17',17);
insert into address (id,street, number,apartment, postalCode, city, state, country) values (18,'Kapetana Miloša Žunjića','35A','18','11160','Beograd','','Srbija');
insert into building (name, address_id) values ('Test building 18',18);
insert into address (id,street, number,apartment, postalCode, city, state, country) values (19,'Kapetana Miloša Žunjića','35A','19','11160','Beograd','','Srbija');
insert into building (name, address_id) values ('Test building 19',19);
insert into address (id,street, number,apartment, postalCode, city, state, country) values (20,'Kapetana Miloša Žunjića','35A','20','11160','Beograd','','Srbija');
insert into building (name, address_id) values ('Test building 20',20);
insert into address (id,street, number,apartment, postalCode, city, state, country) values (21,'Kapetana Miloša Žunjića','35A','21','11160','Beograd','','Srbija');
insert into building (name, address_id) values ('Test building 21',21);
insert into address (id,street, number,apartment, postalCode, city, state, country) values (22,'Kapetana Miloša Žunjića','35A','22','11160','Beograd','','Srbija');
insert into building (name, address_id) values ('Test building 22',22);
insert into address (id,street, number,apartment, postalCode, city, state, country) values (23,'Kapetana Miloša Žunjića','35A','23','11160','Beograd','','Srbija');
insert into building (name, address_id) values ('Test building 23',23);
insert into address (id,street, number,apartment, postalCode, city, state, country) values (24,'Kapetana Miloša Žunjića','35A','24','11160','Beograd','','Srbija');
insert into building (name, address_id) values ('Test building 24',24);
insert into address (id,street, number,apartment, postalCode, city, state, country) values (25,'Kapetana Miloša Žunjića','35A','25','11160','Beograd','','Srbija');
insert into building (name, address_id) values ('Test building 25',25);
insert into address (id,street, number,apartment, postalCode, city, state, country) values (26,'Kapetana Miloša Žunjića','35A','26','11160','Beograd','','Srbija');
insert into building (name, address_id) values ('Test building 26',26);
insert into address (id,street, number,apartment, postalCode, city, state, country) values (27,'Kapetana Miloša Žunjića','35A','27','11160','Beograd','','Srbija');
insert into building (name, address_id) values ('Test building 27',27);
insert into address (id,street, number,apartment, postalCode, city, state, country) values (28,'Kapetana Miloša Žunjića','35A','28','11160','Beograd','','Srbija');
insert into building (name, address_id) values ('Test building 28',28);
insert into address (id,street, number,apartment, postalCode, city, state, country) values (29,'Kapetana Miloša Žunjića','35A','29','11160','Beograd','','Srbija');
insert into building (name, address_id) values ('Test building 29',29);
insert into address (id,street, number,apartment, postalCode, city, state, country) values (30,'Kapetana Miloša Žunjića','35A','30','11160','Beograd','','Srbija');
insert into building (name, address_id) values ('Test building 30',30);
insert into address (id,street, number,apartment, postalCode, city, state, country) values (31,'Kapetana Miloša Žunjića','35A','31','11160','Beograd','','Srbija');
insert into building (name, address_id) values ('Test building 31',31);
insert into address (id,street, number,apartment, postalCode, city, state, country) values (32,'Kapetana Miloša Žunjića','35A','32','11160','Beograd','','Srbija');
insert into building (name, address_id) values ('Test building 32',32);
insert into address (id,street, number,apartment, postalCode, city, state, country) values (33,'Kapetana Miloša Žunjića','35A','33','11160','Beograd','','Srbija');
insert into building (name, address_id) values ('Test building 33',33);
insert into address (id,street, number,apartment, postalCode, city, state, country) values (34,'Kapetana Miloša Žunjića','35A','34','11160','Beograd','','Srbija');
insert into building (name, address_id) values ('Test building 34',34);
insert into address (id,street, number,apartment, postalCode, city, state, country) values (35,'Kapetana Miloša Žunjića','35A','35','11160','Beograd','','Srbija');
insert into building (name, address_id) values ('Test building 35',35);
insert into address (id,street, number,apartment, postalCode, city, state, country) values (36,'Kapetana Miloša Žunjića','35A','36','11160','Beograd','','Srbija');
insert into building (name, address_id) values ('Test building 36',36);
insert into address (id,street, number,apartment, postalCode, city, state, country) values (37,'Kapetana Miloša Žunjića','35A','37','11160','Beograd','','Srbija');
insert into building (name, address_id) values ('Test building 37',37);
insert into address (id,street, number,apartment, postalCode, city, state, country) values (38,'Kapetana Miloša Žunjića','35A','38','11160','Beograd','','Srbija');
insert into building (name, address_id) values ('Test building 38',38);
insert into address (id,street, number,apartment, postalCode, city, state, country) values (39,'Kapetana Miloša Žunjića','35A','39','11160','Beograd','','Srbija');
insert into building (name, address_id) values ('Test building 39',39);
insert into address (id,street, number,apartment, postalCode, city, state, country) values (40,'Kapetana Miloša Žunjića','35A','40','11160','Beograd','','Srbija');
insert into building (name, address_id) values ('Test building 40',40);
insert into address (id,street, number,apartment, postalCode, city, state, country) values (41,'Kapetana Miloša Žunjića','35A','41','11160','Beograd','','Srbija');
insert into building (name, address_id) values ('Test building 41',41);
insert into address (id,street, number,apartment, postalCode, city, state, country) values (42,'Kapetana Miloša Žunjića','35A','42','11160','Beograd','','Srbija');
insert into building (name, address_id) values ('Test building 42',42);
insert into address (id,street, number,apartment, postalCode, city, state, country) values (43,'Kapetana Miloša Žunjića','35A','43','11160','Beograd','','Srbija');
insert into building (name, address_id) values ('Test building 43',43);
insert into address (id,street, number,apartment, postalCode, city, state, country) values (44,'Kapetana Miloša Žunjića','35A','44','11160','Beograd','','Srbija');
insert into building (name, address_id) values ('Test building 44',44);
insert into address (id,street, number,apartment, postalCode, city, state, country) values (45,'Kapetana Miloša Žunjića','35A','45','11160','Beograd','','Srbija');
insert into building (name, address_id) values ('Test building 45',45);
insert into address (id,street, number,apartment, postalCode, city, state, country) values (46,'Kapetana Miloša Žunjića','35A','46','11160','Beograd','','Srbija');
insert into building (name, address_id) values ('Test building 46',46);
insert into address (id,street, number,apartment, postalCode, city, state, country) values (47,'Kapetana Miloša Žunjića','35A','47','11160','Beograd','','Srbija');
insert into building (name, address_id) values ('Test building 47',47);
insert into address (id,street, number,apartment, postalCode, city, state, country) values (48,'Kapetana Miloša Žunjića','35A','48','11160','Beograd','','Srbija');
insert into building (name, address_id) values ('Test building 48',48);
insert into address (id,street, number,apartment, postalCode, city, state, country) values (49,'Kapetana Miloša Žunjića','35A','49','11160','Beograd','','Srbija');
insert into building (name, address_id) values ('Test building 49',49);
insert into address (id,street, number,apartment, postalCode, city, state, country) values (50,'Kapetana Miloša Žunjića','35A','50','11160','Beograd','','Srbija');
insert into building (name, address_id) values ('Test building 50',50);
insert into address (id,street, number,apartment, postalCode, city, state, country) values (51,'Kapetana Miloša Žunjića','35A','51','11160','Beograd','','Srbija');
insert into building (name, address_id) values ('Test building 51',51);
insert into address (id,street, number,apartment, postalCode, city, state, country) values (52,'Kapetana Miloša Žunjića','35A','52','11160','Beograd','','Srbija');
insert into building (name, address_id) values ('Test building 52',52);
insert into address (id,street, number,apartment, postalCode, city, state, country) values (53,'Kapetana Miloša Žunjića','35A','53','11160','Beograd','','Srbija');
insert into building (name, address_id) values ('Test building 53',53);
insert into address (id,street, number,apartment, postalCode, city, state, country) values (54,'Kapetana Miloša Žunjića','35A','54','11160','Beograd','','Srbija');
insert into building (name, address_id) values ('Test building 54',54);
insert into address (id,street, number,apartment, postalCode, city, state, country) values (55,'Kapetana Miloša Žunjića','35A','55','11160','Beograd','','Srbija');
insert into building (name, address_id) values ('Test building 55',55);
insert into address (id,street, number,apartment, postalCode, city, state, country) values (56,'Kapetana Miloša Žunjića','35A','56','11160','Beograd','','Srbija');
insert into building (name, address_id) values ('Test building 56',56);
insert into address (id,street, number,apartment, postalCode, city, state, country) values (57,'Kapetana Miloša Žunjića','35A','57','11160','Beograd','','Srbija');
insert into building (name, address_id) values ('Test building 57',57);
insert into address (id,street, number,apartment, postalCode, city, state, country) values (58,'Kapetana Miloša Žunjića','35A','58','11160','Beograd','','Srbija');
insert into building (name, address_id) values ('Test building 58',58);
insert into address (id,street, number,apartment, postalCode, city, state, country) values (59,'Kapetana Miloša Žunjića','35A','59','11160','Beograd','','Srbija');
insert into building (name, address_id) values ('Test building 59',59);
insert into address (id,street, number,apartment, postalCode, city, state, country) values (60,'Kapetana Miloša Žunjića','35A','60','11160','Beograd','','Srbija');
insert into building (name, address_id) values ('Test building 60',60);
insert into address (id,street, number,apartment, postalCode, city, state, country) values (61,'Kapetana Miloša Žunjića','35A','61','11160','Beograd','','Srbija');
insert into building (name, address_id) values ('Test building 61',61);
insert into address (id,street, number,apartment, postalCode, city, state, country) values (62,'Kapetana Miloša Žunjića','35A','62','11160','Beograd','','Srbija');
insert into building (name, address_id) values ('Test building 62',62);
insert into address (id,street, number,apartment, postalCode, city, state, country) values (63,'Kapetana Miloša Žunjića','35A','63','11160','Beograd','','Srbija');
insert into building (name, address_id) values ('Test building 63',63);
insert into address (id,street, number,apartment, postalCode, city, state, country) values (64,'Kapetana Miloša Žunjića','35A','64','11160','Beograd','','Srbija');
insert into building (name, address_id) values ('Test building 64',64);
insert into address (id,street, number,apartment, postalCode, city, state, country) values (65,'Kapetana Miloša Žunjića','35A','65','11160','Beograd','','Srbija');
insert into building (name, address_id) values ('Test building 65',65);
insert into address (id,street, number,apartment, postalCode, city, state, country) values (66,'Kapetana Miloša Žunjića','35A','66','11160','Beograd','','Srbija');
insert into building (name, address_id) values ('Test building 66',66);
insert into address (id,street, number,apartment, postalCode, city, state, country) values (67,'Kapetana Miloša Žunjića','35A','67','11160','Beograd','','Srbija');
insert into building (name, address_id) values ('Test building 67',67);
insert into address (id,street, number,apartment, postalCode, city, state, country) values (68,'Kapetana Miloša Žunjića','35A','68','11160','Beograd','','Srbija');
insert into building (name, address_id) values ('Test building 68',68);
insert into address (id,street, number,apartment, postalCode, city, state, country) values (69,'Kapetana Miloša Žunjića','35A','69','11160','Beograd','','Srbija');
insert into building (name, address_id) values ('Test building 69',69);
insert into address (id,street, number,apartment, postalCode, city, state, country) values (70,'Kapetana Miloša Žunjića','35A','70','11160','Beograd','','Srbija');
insert into building (name, address_id) values ('Test building 70',70);
insert into address (id,street, number,apartment, postalCode, city, state, country) values (71,'Kapetana Miloša Žunjića','35A','71','11160','Beograd','','Srbija');
insert into building (name, address_id) values ('Test building 71',71);
insert into address (id,street, number,apartment, postalCode, city, state, country) values (72,'Kapetana Miloša Žunjića','35A','72','11160','Beograd','','Srbija');
insert into building (name, address_id) values ('Test building 72',72);
insert into address (id,street, number,apartment, postalCode, city, state, country) values (73,'Kapetana Miloša Žunjića','35A','73','11160','Beograd','','Srbija');
insert into building (name, address_id) values ('Test building 73',73);
insert into address (id,street, number,apartment, postalCode, city, state, country) values (74,'Kapetana Miloša Žunjića','35A','74','11160','Beograd','','Srbija');
insert into building (name, address_id) values ('Test building 74',74);
insert into address (id,street, number,apartment, postalCode, city, state, country) values (75,'Kapetana Miloša Žunjića','35A','75','11160','Beograd','','Srbija');
insert into building (name, address_id) values ('Test building 75',75);
insert into address (id,street, number,apartment, postalCode, city, state, country) values (76,'Kapetana Miloša Žunjića','35A','76','11160','Beograd','','Srbija');
insert into building (name, address_id) values ('Test building 76',76);
insert into address (id,street, number,apartment, postalCode, city, state, country) values (77,'Kapetana Miloša Žunjića','35A','77','11160','Beograd','','Srbija');
insert into building (name, address_id) values ('Test building 77',77);
insert into address (id,street, number,apartment, postalCode, city, state, country) values (78,'Kapetana Miloša Žunjića','35A','78','11160','Beograd','','Srbija');
insert into building (name, address_id) values ('Test building 78',78);
insert into address (id,street, number,apartment, postalCode, city, state, country) values (79,'Kapetana Miloša Žunjića','35A','79','11160','Beograd','','Srbija');
insert into building (name, address_id) values ('Test building 79',79);
insert into address (id,street, number,apartment, postalCode, city, state, country) values (80,'Kapetana Miloša Žunjića','35A','80','11160','Beograd','','Srbija');
insert into building (name, address_id) values ('Test building 80',80);
insert into address (id,street, number,apartment, postalCode, city, state, country) values (81,'Kapetana Miloša Žunjića','35A','81','11160','Beograd','','Srbija');
insert into building (name, address_id) values ('Test building 81',81);
insert into address (id,street, number,apartment, postalCode, city, state, country) values (82,'Kapetana Miloša Žunjića','35A','82','11160','Beograd','','Srbija');
insert into building (name, address_id) values ('Test building 82',82);
insert into address (id,street, number,apartment, postalCode, city, state, country) values (83,'Kapetana Miloša Žunjića','35A','83','11160','Beograd','','Srbija');
insert into building (name, address_id) values ('Test building 83',83);
insert into address (id,street, number,apartment, postalCode, city, state, country) values (84,'Kapetana Miloša Žunjića','35A','84','11160','Beograd','','Srbija');
insert into building (name, address_id) values ('Test building 84',84);
insert into address (id,street, number,apartment, postalCode, city, state, country) values (85,'Kapetana Miloša Žunjića','35A','85','11160','Beograd','','Srbija');
insert into building (name, address_id) values ('Test building 85',85);
insert into address (id,street, number,apartment, postalCode, city, state, country) values (86,'Kapetana Miloša Žunjića','35A','86','11160','Beograd','','Srbija');
insert into building (name, address_id) values ('Test building 86',86);
insert into address (id,street, number,apartment, postalCode, city, state, country) values (87,'Kapetana Miloša Žunjića','35A','87','11160','Beograd','','Srbija');
insert into building (name, address_id) values ('Test building 87',87);
insert into address (id,street, number,apartment, postalCode, city, state, country) values (88,'Kapetana Miloša Žunjića','35A','88','11160','Beograd','','Srbija');
insert into building (name, address_id) values ('Test building 88',88);
insert into address (id,street, number,apartment, postalCode, city, state, country) values (89,'Kapetana Miloša Žunjića','35A','89','11160','Beograd','','Srbija');
insert into building (name, address_id) values ('Test building 89',89);
insert into address (id,street, number,apartment, postalCode, city, state, country) values (90,'Kapetana Miloša Žunjića','35A','90','11160','Beograd','','Srbija');
insert into building (name, address_id) values ('Test building 90',90);
insert into address (id,street, number,apartment, postalCode, city, state, country) values (91,'Kapetana Miloša Žunjića','35A','91','11160','Beograd','','Srbija');
insert into building (name, address_id) values ('Test building 91',91);
insert into address (id,street, number,apartment, postalCode, city, state, country) values (92,'Kapetana Miloša Žunjića','35A','92','11160','Beograd','','Srbija');
insert into building (name, address_id) values ('Test building 92',92);
insert into address (id,street, number,apartment, postalCode, city, state, country) values (93,'Kapetana Miloša Žunjića','35A','93','11160','Beograd','','Srbija');
insert into building (name, address_id) values ('Test building 93',93);
insert into address (id,street, number,apartment, postalCode, city, state, country) values (94,'Kapetana Miloša Žunjića','35A','94','11160','Beograd','','Srbija');
insert into building (name, address_id) values ('Test building 94',94);
insert into address (id,street, number,apartment, postalCode, city, state, country) values (95,'Kapetana Miloša Žunjića','35A','95','11160','Beograd','','Srbija');
insert into building (name, address_id) values ('Test building 95',95);
insert into address (id,street, number,apartment, postalCode, city, state, country) values (96,'Kapetana Miloša Žunjića','35A','96','11160','Beograd','','Srbija');
insert into building (name, address_id) values ('Test building 96',96);
insert into address (id,street, number,apartment, postalCode, city, state, country) values (97,'Kapetana Miloša Žunjića','35A','97','11160','Beograd','','Srbija');
insert into building (name, address_id) values ('Test building 97',97);
insert into address (id,street, number,apartment, postalCode, city, state, country) values (98,'Kapetana Miloša Žunjića','35A','98','11160','Beograd','','Srbija');
insert into building (name, address_id) values ('Test building 98',98);
insert into address (id,street, number,apartment, postalCode, city, state, country) values (99,'Kapetana Miloša Žunjića','35A','99','11160','Beograd','','Srbija');
insert into building (name, address_id) values ('Test building 99',99);
insert into address (id,street, number,apartment, postalCode, city, state, country) values (100,'Kapetana Miloša Žunjića','35A','100','11160','Beograd','','Srbija');
insert into building (name, address_id) values ('Test building 100',100);
insert into address (id,street, number,apartment, postalCode, city, state, country) values (101,'Kapetana Miloša Žunjića','35A','101','11160','Beograd','','Srbija');
insert into building (name, address_id) values ('Test building 101',101);
insert into address (id,street, number,apartment, postalCode, city, state, country) values (102,'Kapetana Miloša Žunjića','35A','102','11160','Beograd','','Srbija');
insert into building (name, address_id) values ('Test building 102',102);
insert into address (id,street, number,apartment, postalCode, city, state, country) values (103,'Kapetana Miloša Žunjića','35A','103','11160','Beograd','','Srbija');
insert into building (name, address_id) values ('Test building 103',103);
insert into address (id,street, number,apartment, postalCode, city, state, country) values (104,'Kapetana Miloša Žunjića','35A','104','11160','Beograd','','Srbija');
insert into building (name, address_id) values ('Test building 104',104);
insert into address (id,street, number,apartment, postalCode, city, state, country) values (105,'Kapetana Miloša Žunjića','35A','105','11160','Beograd','','Srbija');
insert into building (name, address_id) values ('Test building 105',105);
insert into address (id,street, number,apartment, postalCode, city, state, country) values (106,'Kapetana Miloša Žunjića','35A','106','11160','Beograd','','Srbija');
insert into building (name, address_id) values ('Test building 106',106);
insert into address (id,street, number,apartment, postalCode, city, state, country) values (107,'Kapetana Miloša Žunjića','35A','107','11160','Beograd','','Srbija');
insert into building (name, address_id) values ('Test building 107',107);
insert into address (id,street, number,apartment, postalCode, city, state, country) values (108,'Kapetana Miloša Žunjića','35A','108','11160','Beograd','','Srbija');
insert into building (name, address_id) values ('Test building 108',108);
insert into address (id,street, number,apartment, postalCode, city, state, country) values (109,'Kapetana Miloša Žunjića','35A','109','11160','Beograd','','Srbija');
insert into building (name, address_id) values ('Test building 109',109);
insert into address (id,street, number,apartment, postalCode, city, state, country) values (110,'Kapetana Miloša Žunjića','35A','110','11160','Beograd','','Srbija');
insert into building (name, address_id) values ('Test building 110',110);
insert into address (id,street, number,apartment, postalCode, city, state, country) values (111,'Kapetana Miloša Žunjića','35A','111','11160','Beograd','','Srbija');
insert into building (name, address_id) values ('Test building 111',111);
insert into address (id,street, number,apartment, postalCode, city, state, country) values (112,'Kapetana Miloša Žunjića','35A','112','11160','Beograd','','Srbija');
insert into building (name, address_id) values ('Test building 112',112);
insert into address (id,street, number,apartment, postalCode, city, state, country) values (113,'Kapetana Miloša Žunjića','35A','113','11160','Beograd','','Srbija');
insert into building (name, address_id) values ('Test building 113',113);
insert into address (id,street, number,apartment, postalCode, city, state, country) values (114,'Kapetana Miloša Žunjića','35A','114','11160','Beograd','','Srbija');
insert into building (name, address_id) values ('Test building 114',114);
insert into address (id,street, number,apartment, postalCode, city, state, country) values (115,'Kapetana Miloša Žunjića','35A','115','11160','Beograd','','Srbija');
insert into building (name, address_id) values ('Test building 115',115);
insert into address (id,street, number,apartment, postalCode, city, state, country) values (116,'Kapetana Miloša Žunjića','35A','116','11160','Beograd','','Srbija');
insert into building (name, address_id) values ('Test building 116',116);
insert into address (id,street, number,apartment, postalCode, city, state, country) values (117,'Kapetana Miloša Žunjića','35A','117','11160','Beograd','','Srbija');
insert into building (name, address_id) values ('Test building 117',117);
insert into address (id,street, number,apartment, postalCode, city, state, country) values (118,'Kapetana Miloša Žunjića','35A','118','11160','Beograd','','Srbija');
insert into building (name, address_id) values ('Test building 118',118);
insert into address (id,street, number,apartment, postalCode, city, state, country) values (119,'Kapetana Miloša Žunjića','35A','119','11160','Beograd','','Srbija');
insert into building (name, address_id) values ('Test building 119',119);
insert into address (id,street, number,apartment, postalCode, city, state, country) values (120,'Kapetana Miloša Žunjića','35A','120','11160','Beograd','','Srbija');
insert into building (name, address_id) values ('Test building 120',120);
insert into address (id,street, number,apartment, postalCode, city, state, country) values (121,'Kapetana Miloša Žunjića','35A','121','11160','Beograd','','Srbija');
insert into building (name, address_id) values ('Test building 121',121);
insert into address (id,street, number,apartment, postalCode, city, state, country) values (122,'Kapetana Miloša Žunjića','35A','122','11160','Beograd','','Srbija');
insert into building (name, address_id) values ('Test building 122',122);
insert into address (id,street, number,apartment, postalCode, city, state, country) values (123,'Kapetana Miloša Žunjića','35A','123','11160','Beograd','','Srbija');
insert into building (name, address_id) values ('Test building 123',123);
insert into address (id,street, number,apartment, postalCode, city, state, country) values (124,'Kapetana Miloša Žunjića','35A','124','11160','Beograd','','Srbija');
insert into building (name, address_id) values ('Test building 124',124);
insert into address (id,street, number,apartment, postalCode, city, state, country) values (125,'Kapetana Miloša Žunjića','35A','125','11160','Beograd','','Srbija');
insert into building (name, address_id) values ('Test building 125',125);
insert into address (id,street, number,apartment, postalCode, city, state, country) values (126,'Kapetana Miloša Žunjića','35A','126','11160','Beograd','','Srbija');
insert into building (name, address_id) values ('Test building 126',126);
insert into address (id,street, number,apartment, postalCode, city, state, country) values (127,'Kapetana Miloša Žunjića','35A','127','11160','Beograd','','Srbija');
insert into building (name, address_id) values ('Test building 127',127);
insert into address (id,street, number,apartment, postalCode, city, state, country) values (128,'Kapetana Miloša Žunjića','35A','128','11160','Beograd','','Srbija');
insert into building (name, address_id) values ('Test building 128',128);
insert into address (id,street, number,apartment, postalCode, city, state, country) values (129,'Kapetana Miloša Žunjića','35A','129','11160','Beograd','','Srbija');
insert into building (name, address_id) values ('Test building 129',129);
insert into address (id,street, number,apartment, postalCode, city, state, country) values (130,'Kapetana Miloša Žunjića','35A','130','11160','Beograd','','Srbija');
insert into building (name, address_id) values ('Test building 130',130);
insert into address (id,street, number,apartment, postalCode, city, state, country) values (131,'Kapetana Miloša Žunjića','35A','131','11160','Beograd','','Srbija');
insert into building (name, address_id) values ('Test building 131',131);
insert into address (id,street, number,apartment, postalCode, city, state, country) values (132,'Kapetana Miloša Žunjića','35A','132','11160','Beograd','','Srbija');
insert into building (name, address_id) values ('Test building 132',132);
insert into address (id,street, number,apartment, postalCode, city, state, country) values (133,'Kapetana Miloša Žunjića','35A','133','11160','Beograd','','Srbija');
insert into building (name, address_id) values ('Test building 133',133);
insert into address (id,street, number,apartment, postalCode, city, state, country) values (134,'Kapetana Miloša Žunjića','35A','134','11160','Beograd','','Srbija');
insert into building (name, address_id) values ('Test building 134',134);
insert into address (id,street, number,apartment, postalCode, city, state, country) values (135,'Kapetana Miloša Žunjića','35A','135','11160','Beograd','','Srbija');
insert into building (name, address_id) values ('Test building 135',135);
insert into address (id,street, number,apartment, postalCode, city, state, country) values (136,'Kapetana Miloša Žunjića','35A','136','11160','Beograd','','Srbija');
insert into building (name, address_id) values ('Test building 136',136);
insert into address (id,street, number,apartment, postalCode, city, state, country) values (137,'Kapetana Miloša Žunjića','35A','137','11160','Beograd','','Srbija');
insert into building (name, address_id) values ('Test building 137',137);
insert into address (id,street, number,apartment, postalCode, city, state, country) values (138,'Kapetana Miloša Žunjića','35A','138','11160','Beograd','','Srbija');
insert into building (name, address_id) values ('Test building 138',138);
insert into address (id,street, number,apartment, postalCode, city, state, country) values (139,'Kapetana Miloša Žunjića','35A','139','11160','Beograd','','Srbija');
insert into building (name, address_id) values ('Test building 139',139);
insert into address (id,street, number,apartment, postalCode, city, state, country) values (140,'Kapetana Miloša Žunjića','35A','140','11160','Beograd','','Srbija');
insert into building (name, address_id) values ('Test building 140',140);
insert into address (id,street, number,apartment, postalCode, city, state, country) values (141,'Kapetana Miloša Žunjića','35A','141','11160','Beograd','','Srbija');
insert into building (name, address_id) values ('Test building 141',141);
insert into address (id,street, number,apartment, postalCode, city, state, country) values (142,'Kapetana Miloša Žunjića','35A','142','11160','Beograd','','Srbija');
insert into building (name, address_id) values ('Test building 142',142);
insert into address (id,street, number,apartment, postalCode, city, state, country) values (143,'Kapetana Miloša Žunjića','35A','143','11160','Beograd','','Srbija');
insert into building (name, address_id) values ('Test building 143',143);
insert into address (id,street, number,apartment, postalCode, city, state, country) values (144,'Kapetana Miloša Žunjića','35A','144','11160','Beograd','','Srbija');
insert into building (name, address_id) values ('Test building 144',144);
insert into address (id,street, number,apartment, postalCode, city, state, country) values (145,'Kapetana Miloša Žunjića','35A','145','11160','Beograd','','Srbija');
insert into building (name, address_id) values ('Test building 145',145);
insert into address (id,street, number,apartment, postalCode, city, state, country) values (146,'Kapetana Miloša Žunjića','35A','146','11160','Beograd','','Srbija');
insert into building (name, address_id) values ('Test building 146',146);
insert into address (id,street, number,apartment, postalCode, city, state, country) values (147,'Kapetana Miloša Žunjića','35A','147','11160','Beograd','','Srbija');
insert into building (name, address_id) values ('Test building 147',147);
insert into address (id,street, number,apartment, postalCode, city, state, country) values (148,'Kapetana Miloša Žunjića','35A','148','11160','Beograd','','Srbija');
insert into building (name, address_id) values ('Test building 148',148);
insert into address (id,street, number,apartment, postalCode, city, state, country) values (149,'Kapetana Miloša Žunjića','35A','149','11160','Beograd','','Srbija');
insert into building (name, address_id) values ('Test building 149',149);
insert into address (id,street, number,apartment, postalCode, city, state, country) values (150,'Kapetana Miloša Žunjića','35A','150','11160','Beograd','','Srbija');
insert into building (name, address_id) values ('Test building 150',150);
insert into address (id,street, number,apartment, postalCode, city, state, country) values (151,'Kapetana Miloša Žunjića','35A','151','11160','Beograd','','Srbija');
insert into building (name, address_id) values ('Test building 151',151);
insert into address (id,street, number,apartment, postalCode, city, state, country) values (152,'Kapetana Miloša Žunjića','35A','152','11160','Beograd','','Srbija');
insert into building (name, address_id) values ('Test building 152',152);
insert into address (id,street, number,apartment, postalCode, city, state, country) values (153,'Kapetana Miloša Žunjića','35A','153','11160','Beograd','','Srbija');
insert into building (name, address_id) values ('Test building 153',153);
insert into address (id,street, number,apartment, postalCode, city, state, country) values (154,'Kapetana Miloša Žunjića','35A','154','11160','Beograd','','Srbija');
insert into building (name, address_id) values ('Test building 154',154);
insert into address (id,street, number,apartment, postalCode, city, state, country) values (155,'Kapetana Miloša Žunjića','35A','155','11160','Beograd','','Srbija');
insert into building (name, address_id) values ('Test building 155',155);
insert into address (id,street, number,apartment, postalCode, city, state, country) values (156,'Kapetana Miloša Žunjića','35A','156','11160','Beograd','','Srbija');
insert into building (name, address_id) values ('Test building 156',156);
insert into address (id,street, number,apartment, postalCode, city, state, country) values (157,'Kapetana Miloša Žunjića','35A','157','11160','Beograd','','Srbija');
insert into building (name, address_id) values ('Test building 157',157);
insert into address (id,street, number,apartment, postalCode, city, state, country) values (158,'Kapetana Miloša Žunjića','35A','158','11160','Beograd','','Srbija');
insert into building (name, address_id) values ('Test building 158',158);
insert into address (id,street, number,apartment, postalCode, city, state, country) values (159,'Kapetana Miloša Žunjića','35A','159','11160','Beograd','','Srbija');
insert into building (name, address_id) values ('Test building 159',159);
insert into address (id,street, number,apartment, postalCode, city, state, country) values (160,'Kapetana Miloša Žunjića','35A','160','11160','Beograd','','Srbija');
insert into building (name, address_id) values ('Test building 160',160);
insert into address (id,street, number,apartment, postalCode, city, state, country) values (161,'Kapetana Miloša Žunjića','35A','161','11160','Beograd','','Srbija');
insert into building (name, address_id) values ('Test building 161',161);
insert into address (id,street, number,apartment, postalCode, city, state, country) values (162,'Kapetana Miloša Žunjića','35A','162','11160','Beograd','','Srbija');
insert into building (name, address_id) values ('Test building 162',162);
insert into address (id,street, number,apartment, postalCode, city, state, country) values (163,'Kapetana Miloša Žunjića','35A','163','11160','Beograd','','Srbija');
insert into building (name, address_id) values ('Test building 163',163);
insert into address (id,street, number,apartment, postalCode, city, state, country) values (164,'Kapetana Miloša Žunjića','35A','164','11160','Beograd','','Srbija');
insert into building (name, address_id) values ('Test building 164',164);
insert into address (id,street, number,apartment, postalCode, city, state, country) values (165,'Kapetana Miloša Žunjića','35A','165','11160','Beograd','','Srbija');
insert into building (name, address_id) values ('Test building 165',165);
insert into address (id,street, number,apartment, postalCode, city, state, country) values (166,'Kapetana Miloša Žunjića','35A','166','11160','Beograd','','Srbija');
insert into building (name, address_id) values ('Test building 166',166);
insert into address (id,street, number,apartment, postalCode, city, state, country) values (167,'Kapetana Miloša Žunjića','35A','167','11160','Beograd','','Srbija');
insert into building (name, address_id) values ('Test building 167',167);
insert into address (id,street, number,apartment, postalCode, city, state, country) values (168,'Kapetana Miloša Žunjića','35A','168','11160','Beograd','','Srbija');
insert into building (name, address_id) values ('Test building 168',168);
insert into address (id,street, number,apartment, postalCode, city, state, country) values (169,'Kapetana Miloša Žunjića','35A','169','11160','Beograd','','Srbija');
insert into building (name, address_id) values ('Test building 169',169);
insert into address (id,street, number,apartment, postalCode, city, state, country) values (170,'Kapetana Miloša Žunjića','35A','170','11160','Beograd','','Srbija');
insert into building (name, address_id) values ('Test building 170',170);
insert into address (id,street, number,apartment, postalCode, city, state, country) values (171,'Kapetana Miloša Žunjića','35A','171','11160','Beograd','','Srbija');
insert into building (name, address_id) values ('Test building 171',171);
insert into address (id,street, number,apartment, postalCode, city, state, country) values (172,'Kapetana Miloša Žunjića','35A','172','11160','Beograd','','Srbija');
insert into building (name, address_id) values ('Test building 172',172);
insert into address (id,street, number,apartment, postalCode, city, state, country) values (173,'Kapetana Miloša Žunjića','35A','173','11160','Beograd','','Srbija');
insert into building (name, address_id) values ('Test building 173',173);
insert into address (id,street, number,apartment, postalCode, city, state, country) values (174,'Kapetana Miloša Žunjića','35A','174','11160','Beograd','','Srbija');
insert into building (name, address_id) values ('Test building 174',174);
insert into address (id,street, number,apartment, postalCode, city, state, country) values (175,'Kapetana Miloša Žunjića','35A','175','11160','Beograd','','Srbija');
insert into building (name, address_id) values ('Test building 175',175);
insert into address (id,street, number,apartment, postalCode, city, state, country) values (176,'Kapetana Miloša Žunjića','35A','176','11160','Beograd','','Srbija');
insert into building (name, address_id) values ('Test building 176',176);
insert into address (id,street, number,apartment, postalCode, city, state, country) values (177,'Kapetana Miloša Žunjića','35A','177','11160','Beograd','','Srbija');
insert into building (name, address_id) values ('Test building 177',177);
