insert into user(id, username, password, role) values(1,'admin','admin','ROLE_ADMIN');
insert into user(id, username, password, role) values(2,'user','user','ROLE_USER');

insert into address (id,street, number,apartment, postalCode, city, state, country) values (1,'Kapetana Miloša Žunjića','35A','1','11160','Beograd','','Srbija');
insert into building (name, address_id) values ('Test building 1',1);
insert into address (id,street, number,apartment, postalCode, city, state, country) values (2,'Kapetana Miloša Žunjića','35A','2','11160','Beograd','','Srbija');
insert into building (name, address_id) values ('Test building 2',2);
insert into address (id,street, number,apartment, postalCode, city, state, country) values (3,'Kapetana Miloša Žunjića','35A','3','11160','Beograd','','Srbija');
insert into building (name, address_id) values ('Test building 3',3);
insert into address (id,street, number,apartment, postalCode, city, state, country) values (4,'Kapetana Miloša Žunjića','35A','4','11160','Beograd','','Srbija');
insert into building (name, address_id) values ('Test building 4',4);
insert into address (id,street, number,apartment, postalCode, city, state, country) values (5,'Kapetana Miloša Žunjića','35A','5','11160','Beograd','','Srbija');
insert into building (name, address_id) values ('Test building 5',5);
insert into address (id,street, number,apartment, postalCode, city, state, country) values (6,'Kapetana Miloša Žunjića','35A','6','11160','Beograd','','Srbija');
insert into building (name, address_id) values ('Test building 6',6);
insert into address (id,street, number,apartment, postalCode, city, state, country) values (7,'Kapetana Miloša Žunjića','35A','7','11160','Beograd','','Srbija');
insert into building (name, address_id) values ('Test building 7',7);
insert into address (id,street, number,apartment, postalCode, city, state, country) values (8,'Kapetana Miloša Žunjića','35A','8','11160','Beograd','','Srbija');
insert into building (name, address_id) values ('Test building 8',8);
insert into address (id,street, number,apartment, postalCode, city, state, country) values (9,'Kapetana Miloša Žunjića','35A','9','11160','Beograd','','Srbija');
insert into building (name, address_id) values ('Test building 9',9);
insert into address (id,street, number,apartment, postalCode, city, state, country) values (10,'Kapetana Miloša Žunjića','35A','10','11160','Beograd','','Srbija');
insert into building (name, address_id) values ('Test building 10',10);
insert into address (id,street, number,apartment, postalCode, city, state, country) values (11,'Kapetana Miloša Žunjića','35A','11','11160','Beograd','','Srbija');
insert into building (name, address_id) values ('Test building 11',11);
insert into address (id,street, number,apartment, postalCode, city, state, country) values (12,'Kapetana Miloša Žunjića','35A','12','11160','Beograd','','Srbija');
insert into building (name, address_id) values ('Test building 12',12);
insert into address (id,street, number,apartment, postalCode, city, state, country) values (13,'Kapetana Miloša Žunjića','35A','13','11160','Beograd','','Srbija');
insert into building (name, address_id) values ('Test building 13',13);
insert into address (id,street, number,apartment, postalCode, city, state, country) values (14,'Kapetana Miloša Žunjića','35A','14','11160','Beograd','','Srbija');
insert into building (name, address_id) values ('Test building 14',14);
insert into address (id,street, number,apartment, postalCode, city, state, country) values (15,'Kapetana Miloša Žunjića','35A','15','11160','Beograd','','Srbija');
insert into building (name, address_id) values ('Test building 15',15);
insert into address (id,street, number,apartment, postalCode, city, state, country) values (16,'Kapetana Miloša Žunjića','35A','16','11160','Beograd','','Srbija');
insert into building (name, address_id) values ('Test building 16',16);
insert into address (id,street, number,apartment, postalCode, city, state, country) values (17,'Kapetana Miloša Žunjića','35A','17','11160','Beograd','','Srbija');
insert into building (name, address_id) values ('Test building 17',17);
insert into address (id,street, number,apartment, postalCode, city, state, country) values (18,'Kapetana Miloša Žunjića','35A','18','11160','Beograd','','Srbija');
insert into building (name, address_id) values ('Test building 18',18);
insert into address (id,street, number,apartment, postalCode, city, state, country) values (19,'Kapetana Miloša Žunjića','35A','19','11160','Beograd','','Srbija');
insert into building (name, address_id) values ('Test building 19',19);
insert into address (id,street, number,apartment, postalCode, city, state, country) values (20,'Kapetana Miloša Žunjića','35A','20','11160','Beograd','','Srbija');
insert into building (name, address_id) values ('Test building 20',20);
insert into address (id,street, number,apartment, postalCode, city, state, country) values (21,'Kapetana Miloša Žunjića','35A','21','11160','Beograd','','Srbija');
insert into building (name, address_id) values ('Test building 21',21);
insert into address (id,street, number,apartment, postalCode, city, state, country) values (22,'Kapetana Miloša Žunjića','35A','22','11160','Beograd','','Srbija');
insert into building (name, address_id) values ('Test building 22',22);
insert into address (id,street, number,apartment, postalCode, city, state, country) values (23,'Kapetana Miloša Žunjića','35A','23','11160','Beograd','','Srbija');
insert into building (name, address_id) values ('Test building 23',23);
insert into address (id,street, number,apartment, postalCode, city, state, country) values (24,'Kapetana Miloša Žunjića','35A','24','11160','Beograd','','Srbija');
insert into building (name, address_id) values ('Test building 24',24);
insert into address (id,street, number,apartment, postalCode, city, state, country) values (25,'Kapetana Miloša Žunjića','35A','25','11160','Beograd','','Srbija');
insert into building (name, address_id) values ('Test building 25',25);
insert into address (id,street, number,apartment, postalCode, city, state, country) values (26,'Kapetana Miloša Žunjića','35A','26','11160','Beograd','','Srbija');
insert into building (name, address_id) values ('Test building 26',26);
insert into address (id,street, number,apartment, postalCode, city, state, country) values (27,'Kapetana Miloša Žunjića','35A','27','11160','Beograd','','Srbija');
insert into building (name, address_id) values ('Test building 27',27);
insert into address (id,street, number,apartment, postalCode, city, state, country) values (28,'Kapetana Miloša Žunjića','35A','28','11160','Beograd','','Srbija');
insert into building (name, address_id) values ('Test building 28',28);
insert into address (id,street, number,apartment, postalCode, city, state, country) values (29,'Kapetana Miloša Žunjića','35A','29','11160','Beograd','','Srbija');
insert into building (name, address_id) values ('Test building 29',29);
insert into address (id,street, number,apartment, postalCode, city, state, country) values (30,'Kapetana Miloša Žunjića','35A','30','11160','Beograd','','Srbija');
insert into building (name, address_id) values ('Test building 30',30);
insert into address (id,street, number,apartment, postalCode, city, state, country) values (31,'Kapetana Miloša Žunjića','35A','31','11160','Beograd','','Srbija');
insert into building (name, address_id) values ('Test building 31',31);
insert into address (id,street, number,apartment, postalCode, city, state, country) values (32,'Kapetana Miloša Žunjića','35A','32','11160','Beograd','','Srbija');
insert into building (name, address_id) values ('Test building 32',32);
insert into address (id,street, number,apartment, postalCode, city, state, country) values (33,'Kapetana Miloša Žunjića','35A','33','11160','Beograd','','Srbija');
insert into building (name, address_id) values ('Test building 33',33);
insert into address (id,street, number,apartment, postalCode, city, state, country) values (34,'Kapetana Miloša Žunjića','35A','34','11160','Beograd','','Srbija');
insert into building (name, address_id) values ('Test building 34',34);
insert into address (id,street, number,apartment, postalCode, city, state, country) values (35,'Kapetana Miloša Žunjića','35A','35','11160','Beograd','','Srbija');
insert into building (name, address_id) values ('Test building 35',35);
insert into address (id,street, number,apartment, postalCode, city, state, country) values (36,'Kapetana Miloša Žunjića','35A','36','11160','Beograd','','Srbija');
insert into building (name, address_id) values ('Test building 36',36);
insert into address (id,street, number,apartment, postalCode, city, state, country) values (37,'Kapetana Miloša Žunjića','35A','37','11160','Beograd','','Srbija');
insert into building (name, address_id) values ('Test building 37',37);
insert into address (id,street, number,apartment, postalCode, city, state, country) values (38,'Kapetana Miloša Žunjića','35A','38','11160','Beograd','','Srbija');
insert into building (name, address_id) values ('Test building 38',38);
insert into address (id,street, number,apartment, postalCode, city, state, country) values (39,'Kapetana Miloša Žunjića','35A','39','11160','Beograd','','Srbija');
insert into building (name, address_id) values ('Test building 39',39);
insert into address (id,street, number,apartment, postalCode, city, state, country) values (40,'Kapetana Miloša Žunjića','35A','40','11160','Beograd','','Srbija');
insert into building (name, address_id) values ('Test building 40',40);
insert into address (id,street, number,apartment, postalCode, city, state, country) values (41,'Kapetana Miloša Žunjića','35A','41','11160','Beograd','','Srbija');
insert into building (name, address_id) values ('Test building 41',41);
insert into address (id,street, number,apartment, postalCode, city, state, country) values (42,'Kapetana Miloša Žunjića','35A','42','11160','Beograd','','Srbija');
insert into building (name, address_id) values ('Test building 42',42);
insert into address (id,street, number,apartment, postalCode, city, state, country) values (43,'Kapetana Miloša Žunjića','35A','43','11160','Beograd','','Srbija');
insert into building (name, address_id) values ('Test building 43',43);
insert into address (id,street, number,apartment, postalCode, city, state, country) values (44,'Kapetana Miloša Žunjića','35A','44','11160','Beograd','','Srbija');
insert into building (name, address_id) values ('Test building 44',44);
insert into address (id,street, number,apartment, postalCode, city, state, country) values (45,'Kapetana Miloša Žunjića','35A','45','11160','Beograd','','Srbija');
insert into building (name, address_id) values ('Test building 45',45);
insert into address (id,street, number,apartment, postalCode, city, state, country) values (46,'Kapetana Miloša Žunjića','35A','46','11160','Beograd','','Srbija');
insert into building (name, address_id) values ('Test building 46',46);
insert into address (id,street, number,apartment, postalCode, city, state, country) values (47,'Kapetana Miloša Žunjića','35A','47','11160','Beograd','','Srbija');
insert into building (name, address_id) values ('Test building 47',47);
insert into address (id,street, number,apartment, postalCode, city, state, country) values (48,'Kapetana Miloša Žunjića','35A','48','11160','Beograd','','Srbija');
insert into building (name, address_id) values ('Test building 48',48);
insert into address (id,street, number,apartment, postalCode, city, state, country) values (49,'Kapetana Miloša Žunjića','35A','49','11160','Beograd','','Srbija');
insert into building (name, address_id) values ('Test building 49',49);
insert into address (id,street, number,apartment, postalCode, city, state, country) values (50,'Kapetana Miloša Žunjića','35A','50','11160','Beograd','','Srbija');
insert into building (name, address_id) values ('Test building 50',50);
insert into address (id,street, number,apartment, postalCode, city, state, country) values (51,'Kapetana Miloša Žunjića','35A','51','11160','Beograd','','Srbija');
insert into building (name, address_id) values ('Test building 51',51);
insert into address (id,street, number,apartment, postalCode, city, state, country) values (52,'Kapetana Miloša Žunjića','35A','52','11160','Beograd','','Srbija');
insert into building (name, address_id) values ('Test building 52',52);
insert into address (id,street, number,apartment, postalCode, city, state, country) values (53,'Kapetana Miloša Žunjića','35A','53','11160','Beograd','','Srbija');
insert into building (name, address_id) values ('Test building 53',53);
insert into address (id,street, number,apartment, postalCode, city, state, country) values (54,'Kapetana Miloša Žunjića','35A','54','11160','Beograd','','Srbija');
insert into building (name, address_id) values ('Test building 54',54);
insert into address (id,street, number,apartment, postalCode, city, state, country) values (55,'Kapetana Miloša Žunjića','35A','55','11160','Beograd','','Srbija');
insert into building (name, address_id) values ('Test building 55',55);
insert into address (id,street, number,apartment, postalCode, city, state, country) values (56,'Kapetana Miloša Žunjića','35A','56','11160','Beograd','','Srbija');
insert into building (name, address_id) values ('Test building 56',56);
insert into address (id,street, number,apartment, postalCode, city, state, country) values (57,'Kapetana Miloša Žunjića','35A','57','11160','Beograd','','Srbija');
insert into building (name, address_id) values ('Test building 57',57);
insert into address (id,street, number,apartment, postalCode, city, state, country) values (58,'Kapetana Miloša Žunjića','35A','58','11160','Beograd','','Srbija');
insert into building (name, address_id) values ('Test building 58',58);
insert into address (id,street, number,apartment, postalCode, city, state, country) values (59,'Kapetana Miloša Žunjića','35A','59','11160','Beograd','','Srbija');
insert into building (name, address_id) values ('Test building 59',59);
insert into address (id,street, number,apartment, postalCode, city, state, country) values (60,'Kapetana Miloša Žunjića','35A','60','11160','Beograd','','Srbija');
insert into building (name, address_id) values ('Test building 60',60);
insert into address (id,street, number,apartment, postalCode, city, state, country) values (61,'Kapetana Miloša Žunjića','35A','61','11160','Beograd','','Srbija');
insert into building (name, address_id) values ('Test building 61',61);
insert into address (id,street, number,apartment, postalCode, city, state, country) values (62,'Kapetana Miloša Žunjića','35A','62','11160','Beograd','','Srbija');
insert into building (name, address_id) values ('Test building 62',62);
insert into address (id,street, number,apartment, postalCode, city, state, country) values (63,'Kapetana Miloša Žunjića','35A','63','11160','Beograd','','Srbija');
insert into building (name, address_id) values ('Test building 63',63);
insert into address (id,street, number,apartment, postalCode, city, state, country) values (64,'Kapetana Miloša Žunjića','35A','64','11160','Beograd','','Srbija');
insert into building (name, address_id) values ('Test building 64',64);
insert into address (id,street, number,apartment, postalCode, city, state, country) values (65,'Kapetana Miloša Žunjića','35A','65','11160','Beograd','','Srbija');
insert into building (name, address_id) values ('Test building 65',65);
insert into address (id,street, number,apartment, postalCode, city, state, country) values (66,'Kapetana Miloša Žunjića','35A','66','11160','Beograd','','Srbija');
insert into building (name, address_id) values ('Test building 66',66);
insert into address (id,street, number,apartment, postalCode, city, state, country) values (67,'Kapetana Miloša Žunjića','35A','67','11160','Beograd','','Srbija');
insert into building (name, address_id) values ('Test building 67',67);
insert into address (id,street, number,apartment, postalCode, city, state, country) values (68,'Kapetana Miloša Žunjića','35A','68','11160','Beograd','','Srbija');
insert into building (name, address_id) values ('Test building 68',68);
insert into address (id,street, number,apartment, postalCode, city, state, country) values (69,'Kapetana Miloša Žunjića','35A','69','11160','Beograd','','Srbija');
insert into building (name, address_id) values ('Test building 69',69);
insert into address (id,street, number,apartment, postalCode, city, state, country) values (70,'Kapetana Miloša Žunjića','35A','70','11160','Beograd','','Srbija');
insert into building (name, address_id) values ('Test building 70',70);
insert into address (id,street, number,apartment, postalCode, city, state, country) values (71,'Kapetana Miloša Žunjića','35A','71','11160','Beograd','','Srbija');
insert into building (name, address_id) values ('Test building 71',71);
insert into address (id,street, number,apartment, postalCode, city, state, country) values (72,'Kapetana Miloša Žunjića','35A','72','11160','Beograd','','Srbija');
insert into building (name, address_id) values ('Test building 72',72);
insert into address (id,street, number,apartment, postalCode, city, state, country) values (73,'Kapetana Miloša Žunjića','35A','73','11160','Beograd','','Srbija');
insert into building (name, address_id) values ('Test building 73',73);
insert into address (id,street, number,apartment, postalCode, city, state, country) values (74,'Kapetana Miloša Žunjića','35A','74','11160','Beograd','','Srbija');
insert into building (name, address_id) values ('Test building 74',74);
insert into address (id,street, number,apartment, postalCode, city, state, country) values (75,'Kapetana Miloša Žunjića','35A','75','11160','Beograd','','Srbija');
insert into building (name, address_id) values ('Test building 75',75);
insert into address (id,street, number,apartment, postalCode, city, state, country) values (76,'Kapetana Miloša Žunjića','35A','76','11160','Beograd','','Srbija');
insert into building (name, address_id) values ('Test building 76',76);
insert into address (id,street, number,apartment, postalCode, city, state, country) values (77,'Kapetana Miloša Žunjića','35A','77','11160','Beograd','','Srbija');
insert into building (name, address_id) values ('Test building 77',77);
